WDPAID,Site,1998,1999,2000,2001,2002,2003,2004,2005,2006,2007,2008,2009,2010,2011,2012,2013,2014,2015,2016,2017,2018,2019,Unknown,Average,Source,Notes
169641,Afon Teifi,,,,,,,,,,,,,,,,,,,,,,,80000,80000,"Gavigan. G., (Welsh WT), pers. comm., (2019)",
10941,Ainsdale Sand Dunes,,,,,,,,,,,,,,,,,,*,,,,,,*,*,
93262,Aqualate Mere,,,,,,,,,,,,,,,,,,*,,,,,,*,*,
136332,Arne,33487,62810,26818,20700,44500,,41725,64755,58778,,,,,,,,,,,,,,,44197,"Burton, G., pers. comm. In Balmford et al., (2015)",Camera
10944,Aston Rowant,,,,,,,,,,,,,,,,,,*,,,,,,*,*,
136534,Aston Rowant Woods,,,,,,,,,,,,,,,,,,*,,,,,,*,*,
139996,Axmouth To Lyme Regis Undercliffs,,,,,,,,,,,,,,,,,,*,,,,,,*,*,
10946,Axmouth-lyme Regis Undercliffs,,,,,,,,,,,,,,,,,,*,,,,,,*,*,
555581055,Aylesbeare Common,2500,10800,8500,4200,10970,,,16000,16000,,,,,,,,,,,,,,,9853,"Burton, G., pers. comm. In Balmford et al., (2015)",
135726,Ballochmartin Bay,,,,,,,,,,,,,"2,294",,,,,,,,,,,"2,294",https://www.moffatcentre.com/media/moffatcentre/documents/VAM2010.pdf,
555581069,Balranald,,,,,,,,,,,,,,,,,,12500,14700,,,,,"13,600",https://www.visitscotland.org/binaries/content/assets/dot-org/pdf/research-papers-2/wildlife-topic-paper-2017.pdf,
136130,Balranald Bog and Loch nam Feithean,,,,,,,,,,,,,,,,,,12500,14700,,,,,"13,600",https://www.visitscotland.org/binaries/content/assets/dot-org/pdf/research-papers-2/wildlife-topic-paper-2017.pdf,
12455,Barrington Hill,,,,,,,,,,,,,,,,,,*,,,,,,*,*,
11711,Barton Hills,,,,,,,,,,,,,,,,,,*,,,,,,*,*,
12448,Beacon Hill,,,,,,,,,,,,,,,,,,*,,,,,,*,*,
1453,Beinn Eighe,,,,,,,,,,,,,,,,,,,,,,,*,*,*,
555581056,Bempton Cliffs,,,,,,,,,,,,,,,,,,,,,,,"42,217","42,217","Sheil, A., Rayment, G., and Burton, G., (2002)",
10558,Ben Wyvis,,,,,,,,,,,,,,,,,,,,,,,*,*,*,
12461,Benacre,,,,,,,,,,,,,,,,,,*,,,,,,*,*,
555581070,Berney Marshes & Breydon Water,150,,,,32,,,5000,5000,,,,,,,,,,,,,,,"2,546","Burton, G., pers. comm. In Balmford et al., (2015)",
142733,Black-a-Tor Copse,,,,,,,,,,,,,,,,,,*,,,,,,*,*,
555581071,Blacktoft Sands,22670,27304,19369,16269,19589,,19682,20568,21036,,,,,,,,,,,,,,,20811,"Burton, G., pers. comm. In Balmford et al., (2015)",Camera
555581071,Blacktoft Sands,,,,,,,,,,,,,,,,,,,,,,,23010,23010,"Sheil, A., Rayment, G., and Burton, G., (2002)",Camera
10948,Blackwater Estuary,,,,,,,,,,,,,,,,,,*,,,,,,*,*,
11034,Blawhorn Moss,,,,,,,,,,,,,,,,,,,,,,,*,*,*,
10949,Blean Woods,8603,8915,6700,5064,6993,,,12295,12349,,,,,,,,,,,,,,,"8,703","Burton, G., pers. comm. In Balmford et al., (2015)",
10950,Blelham Bog,,,,,,,,,,,,,,,,,,*,,,,,,*,*,
137066,Brandon Marsh,,,,,,,,,,,,,,,,,,,,,26512,,,26512,"White, H., (Warwickshire WT), pers. comm., (2019)",
11712,Bredon Hill,,,,,,,,,,,,,,,,,,*,,,,,,*,*,
10953,Brettenham Heath,,,,,,,,,,,,,,,,,,*,,,,,,*,*,
10954,Bure Marshes,,,,,,,,,,,,,,,,,,*,,,,,,*,*,
11070,Cader Idris,,,,,,,,,,,,,,,,49240,,,,,,,,49240,"Hellawell, T., (NRW), pers. comm., (2019)",
1452,Caerlaverock,,,,,,,,,,,,,33755,,,,,,,,,,,33755,https://www.moffatcentre.com/media/moffatcentre/documents/VAM2010.pdf,Entire reserve
1452,Caerlaverock,,,,,,,,,,,,,,,,,,,,,,,*,*,*,Entire reserve
1452,Caerlaverock,,,,,,,,,,,,,,,,,,,,,*,,,*,*,"WWT area only, mean added to SNH area"
1452,Caerlaverock,,,,,,,,,,,,,,,,*,*,*,*,*,*,,,*,*,"SNH area only, mean added to WWT area. Camera."
1483,Cairnsmore of Fleet,,,,,,,,,,,,,,,,*,*,*,*,*,*,,,*,*,Camera
1483,Cairnsmore of Fleet,,,,,,,,,,,,,,,,,,,,,,,*,*,*,Camera
555581074,Campfield Marsh,,,,,,,,8500,10000,,,,,,,,,,,,,,,9250,"Burton, G., pers. comm. In Balmford et al., (2015)",
169601,Carmel,,,,,,,,,,,,,,,,7000,,,,,,,,7000,"Hellawell, T., (NRW), pers. comm., (2019)",
11713,Castle Eden Dene,,,,,,,,,,,,,,,,,,*,,,,,,*,*,
11713,Castle Eden Dene,,,,,,,,,,,,,,,,,,,,,,,*,*,*,
10955,Castle Hill,,,,,,,,,,,,,,,,,,*,,,,,,*,*,
10956,Castor Hanglands,,,,,,,,,,,,,,,,,,*,,,,,,*,*,
10957,Cavenham Heath,,,,,,,,,,,,,,,,,,*,,,,,,*,*,
142905,Ceunant Cynfal,,,,,,,,,,,,,,,,6500,,,,,,,,6500,"Hellawell, T., (NRW), pers. comm., (2019)",
15811,Ceunant Llennyrch,,,,,,,,,,,,,,,,4500,,,,,,,,4500,"Hellawell, T., (NRW), pers. comm., (2019)",
20597,Chilterns,,,,,,,,,,55167118,,,,,,,,,,,,,,55167118,"Weiss, A., (Chilterns AONB), pers. comm., (2019)",
10960,Chippenham Fen,,,,,,,,,,,,,,,,,,*,,,,,,*,*,
137400,Chippenham Fen and Snailwell Poor's Fen,,,,,,,,,,,,,,,,,,*,,,,,,*,*,
140230,"Church Woods, Blean",8603,8915,6700,5064,6993,,,12295,12349,,,,,,,,,,,,,,,"8,703","Burton, G., pers. comm. In Balmford et al., (2015)",
142906,Claerwen,,,,,,,,,,,,,,,,4000,,,,,,,,4000,"Hellawell, T., (NRW), pers. comm., (2019)",
10961,Clawthorpe Fell,,,,,,,,,,,,,,,,,,*,,,,,,*,*,
142751,Cliburn Moss,,,,,,,,,,,,,,,,,,*,,,,,,*,*,
11037,Clyde Valley Woodlands,,,,,,,,,,,,,669744,,,,,,,,,,,"669,744",https://www.moffatcentre.com/media/moffatcentre/documents/VAM2010.pdf,
11037,Clyde Valley Woodlands,,,,,,,,,,,,,,,,,,,,,,,*,*,*,
11072,Coed Cymerau,,,,,,,,,,,,,,,,4000,,,,,,,,4000,"Hellawell, T., (NRW), pers. comm., (2019)",
11073,Coed Dolgarrog,,,,,,,,,,,,,,,,12500,,,,,,,,12500,"Hellawell, T., (NRW), pers. comm., (2019)",
11076,Coed Rheidol,,,,,,,,,,,,,,,,10000,,,,,,,,10000,"Hellawell, T., (NRW), pers. comm., (2019)",
142909,Coedmor,,,,,,,,,,,,,,,,3000,,,,,,,,3000,"Hellawell, T., (NRW), pers. comm., (2019)",
15812,Coed-y-Cerrig,,,,,,,,,,,,,,,,3000,,,,,,,,3000,"Hellawell, T., (NRW), pers. comm., (2019)",
11079,Coedydd Aber,,,,,,,,,,,,,,,,50000,,,,,,,,50000,"Hellawell, T., (NRW), pers. comm., (2019)",
11080,Coedydd Maentwrog,,,,,,,,,,,,,,,,24000,,,,,,,,24000,"Hellawell, T., (NRW), pers. comm., (2019)",
93264,Collyweston Great Wood & Easton Hornstocks,,,,,,,,,,,,,,,,,,*,,,,,,*,*,
10962,Colne Estuary,,,,,,,,,,,,,,,,,,*,,,,,,*,*,
555580980,Coombes & Churnet Valleys,9360,8636,4162,938,2538,,12000,12000,12000,,,,,,,,,,,,,,,7704,"Burton, G., pers. comm. In Balmford et al., (2015)",
328950,Corrie Fee,,,,,,,,,,,,,,,,,,,,,,,*,*,*,
11081,Cors Bodeilio,,,,,,,,,,,,,,,,5825,,,,,,,,5825,"Hellawell, T., (NRW), pers. comm., (2019)",
11082,Cors Caron,,,,,,,,,,,,,,,,40000,,,,,,,,40000,"Hellawell, T., (NRW), pers. comm., (2019)",
11083,Cors Erddreiniog,,,,,,,,,,,,,,,,4785,,,,,,,,4785,"Hellawell, T., (NRW), pers. comm., (2019)",
142915,Cors Goch,,,,,,,,,,,,,,,,3000,,,,,,,,3000,"Hellawell, T., (NRW), pers. comm., (2019)",
142902,Corsydd Llangloffan,,,,,,,,,,,,,,,,3000,,,,,,,,3000,"Hellawell, T., (NRW), pers. comm., (2019)",
10965,Cothill,,,,,,,,,,,,,,,,,,*,,,,,,*,*,
10966,Cotswold Commons & Beechwoods,,,,,,,,,,,,,,,,,,*,,,,,,*,*,
11085,Craig Cerrig Gleisiad a Fan Frynych,,,,,,,,,,,,,,,,15000,,,,,,,,15000,"Hellawell, T., (NRW), pers. comm., (2019)",
11085,Craig Cerrig Gleisiad a Fan Frynych,,,,,,,,,,,,,,,,,,*,,,,,,*,*,
11086,Craig y Cilau,,,,,,,,,,,,,,,,8000,,,,,,,,8000,"Hellawell, T., (NRW), pers. comm., (2019)",
11040,Craigellachie,,,,,,,,,,,,,,,,,,,,,,,*,*,*,
11593,Creag Meagaidh,,,,,,,,,,,,,12000,,,,,,,,,,,"12,000",https://www.moffatcentre.com/media/moffatcentre/documents/VAM2010.pdf,
11593,Creag Meagaidh,,,,,,,,,,,,,,,,,,,,,,,*,*,*,
12456,Crymlyn Bog and Pant y Sais,,,,,,,,,,,,,,,,20000,,,,,,,,20000,"Hellawell, T., (NRW), pers. comm., (2019)",
135798,"Culbin Sands, Culbin Forest and Findhorn Bay",,,,,,,,,,,,,,,,*,*,*,*,*,*,,,*,*,
11087,Cwm Clydach,,,,,,,,,,,,,,,,14000,,,,,,,,14000,"Hellawell, T., (NRW), pers. comm., (2019)",
11089,Cwm Idwal,,,,,,,,,,,,,,,,123000,,,,,,,,123000,"Hellawell, T., (NRW), pers. comm., (2019)",
139459,Cynffig/Kenfig,,,,,,,,,,,,,,,,30000,,,,,,,,30000,"Hellawell, T., (NRW), pers. comm., (2019)",
555580952,Dearne Valley,,,,,,,41960,50245,79921,,,,,,,,,,,,,,,57375,"Burton, G., pers. comm. In Balmford et al., (2015)",
183432,Dee Estuary,7675,6181,6849,3657,8940,,8175,8889,7643,,,,,,,,,,,,,,,7251,"Burton, G., pers. comm. In Balmford et al., (2015)",
169804,Dee Estuary/Aber Afon Dyfrdwy,7675,6181,6849,3657,8940,,8175,8889,7643,,,,,,,,,,,,,,,7251,"Burton, G., pers. comm. In Balmford et al., (2015)",
10967,Dendles Wood,,,,,,,,,,,,,,,,,,*,,,,,,*,*,
10557,Dengie,,,,,,,,,,,,,,,,,,*,,,,,,*,*,
10968,Derbyshire Dales,,,,,,,,,,,,,,,,,,*,,,,,,*,*,
341121,Dersingham Bog,,,,,,,,,,,,,,,,,,*,,,,,,*,*,
93265,Derwent Gorge & Muggleswick Woods,,,,,,,,,,,,,,,,,,*,,,,,,*,*,
555581280,Dinefwr,,,,,,,,,,,,,,,,30000,,,,,,,,30000,"Hellawell, T., (NRW), pers. comm., (2019)",
139313,Dinefwr Estate,,,,,,,,,,,,,,,,30000,,,,,,,,30000,"Hellawell, T., (NRW), pers. comm., (2019)",
12460,Downton Gorge,,,,,,,,,,,,,,,,,,*,,,,,,*,*,
136366,Duddon Mosses,,,,,,,,,,,,,,,,,,*,,,,,,*,*,
1468,Dyfi,,,,,,,,,,,,,,,,252369,,,,,,,,252369,"Hellawell, T., (NRW), pers. comm., (2019)",
169607,East Dartmoor Woods & Heaths,,,,,,,,,,,,,,,,,,*,,,,,,*,*,
169608,Elmley,10604,9343,13621,3791,11613,,11600,11000,12500,,,,,,,,,,,,,,,"10,509","Burton, G., pers. comm. In Balmford et al., (2015)",
169608,Elmley,,,,,,,,,,,,,,,,,,,,,,,"12,000","12,000","Elmley NNR, pers. comm., (2019)",
140276,Fairburn and Newton Ings,56202,42601,59900,22415,24523,,29665,23957,40666,,,,,,,,,,,,,,,37491,"Burton, G., pers. comm. In Balmford et al., (2015)",
140276,Fairburn and Newton Ings,,,,,,,,,,,,,,,,,,,,,,,"52,781","52,781","Sheil, A., Rayment, G., and Burton, G., (2002)",
93108,Fairburn Ings,56202,42601,59900,22415,24523,,29665,23957,40666,,,,,,,,,,,,,,,37491,"Burton, G., pers. comm. In Balmford et al., (2015)",
93108,Fairburn Ings,,,,,,,,,,,,,,,,,,,,,,,"52,781","52,781","Sheil, A., Rayment, G., and Burton, G., (2002)",
142763,Farne Islands,,,,,,,,,,,,,,,,,,,,,*,*,,*,*,
169836,"Fenn's Whixall, Bettisfield, Wem and Cadney Mosses (Wales)",,,,,,,,,,,,,,,,5000,,,,,,,,5000,"Hellawell, T., (NRW), pers. comm., (2019)",
169836,"Fenn's Whixall, Bettisfield, Wem and Cadney Mosses (Wales)",,,,,,,,,,,,,,,,,,*,,,,,,*,*,
169609,"Fenn's, Whixall & Bettisfield Mosses (England)",,,,,,,,,,,,,,,,5000,,,,,,,,5000,"Hellawell, T., (NRW), pers. comm., (2019)",
169609,"Fenn's, Whixall & Bettisfield Mosses (England)",,,,,,,,,,,,,,,,,,*,,,,,,*,*,
142907,"Fenn's, Whixall and Bettisfield Mosses (Wales)",,,,,,,,,,,,,,,,5000,,,,,,,,5000,"Hellawell, T., (NRW), pers. comm., (2019)",
142907,"Fenn's, Whixall and Bettisfield Mosses (Wales)",,,,,,,,,,,,,,,,,,*,,,,,,*,*,
11042,Flanders Moss,,,,,,,,,,,,,,,,,,,,,,,*,*,*,
93183,Forge Mill Lake,,,,,,,,,,,,,,,,,,,,,,,"17,663","17,663","Sheil, A., Rayment, G., and Burton, G., (2002)",
93183,Forge Mill Lake,24422,15163,14637,11165,14709,,19665,33551,22538,,,,,,,,,,,,,,,"19,481","Burton, G., pers. comm. In Balmford et al., (2015)",
387445,Forsinard Flows,,,,,,,,,,,,,,,,,,,,,,,"4,460","4,460","Sheil, A., Rayment, G., and Burton, G., (2002)",
387445,Forsinard Flows,,,,,,,,,,,,,"4,891",,,,,,,,,,,"4,891",https://www.moffatcentre.com/media/moffatcentre/documents/VAM2010.pdf,
387445,Forsinard Flows,,,,,,,,,,,,,,,,,,"4,969","6,029",,,,,"5,499",https://www.visitscotland.org/binaries/content/assets/dot-org/pdf/research-papers-2/wildlife-topic-paper-2017.pdf,
1489,Forvie,,,,,,,,,,,,,"25,000",,,,,,,,,,,"25,000",https://www.moffatcentre.com/media/moffatcentre/documents/VAM2010.pdf,
1489,Forvie,,,,,,,,,,,,,,,,,,,,,,,*,*,*,
555580983,Fowlmere,20800,29890,23400,9600,30600,,26900,21000,20700,,,,,,,,,,,,,,,22861,"Burton, G., pers. comm. In Balmford et al., (2015)",Camera
555581078,Frampton Marsh ,,,,,,,,,,,,,*,*,*,*,*,*,*,*,*,,,*,*,Camera
555581079,Freiston Shore,,,,,,,,,,,,,*,*,*,*,*,,,,,,,*,*,
10971,Fyfield Down,,,,,,,,,,,,,,,,,,*,,,,,,*,*,
10972,Gait Barrows,,,,,,,,,,,,,,,,,,*,,,,,,*,*,Camera
555581103,Garston Wood,,,,,,,,4000,4000,,,,,,,,,,,,,,,4000,"Burton, G., pers. comm. In Balmford et al., (2015)",
555581063,Geltsdale,,,,,,,,5000,5000,,,,,,,,,,,,,,,5000,"Burton, G., pers. comm. In Balmford et al., (2015)",
137318,Geltsdale & Glendue Fells,,,,,,,,5000,5000,,,,,,,,,,,,,,,5000,"Burton, G., pers. comm. In Balmford et al., (2015)",
11043,Glasdrum Wood,,,,,,,,,,,,,2870,,,,,,,,,,,2870,https://www.moffatcentre.com/media/moffatcentre/documents/VAM2010.pdf,Camera
11043,Glasdrum Wood,,,,,,,,,,,,,,,,,,,,,,,*,*,*,Camera
11045,Glen Nant,,,,,,,,,,,,,,,,,,,,,,,*,*,*,
1474,Glen Roy,,,,,,,,,,,,,,,,,,,,,,,*,*,*,
387443,Glenmore,,,,,,,,,,,,,78264,,,,,,,,,,,"78,264",https://www.moffatcentre.com/media/moffatcentre/documents/VAM2010.pdf,
169862,Glenmore Forest,,,,,,,,,,,,,78264,,,,,,,,,,,"78,264",https://www.moffatcentre.com/media/moffatcentre/documents/VAM2010.pdf,
39878,Golitha Falls,,,,,,,,,,,,,,,,,,*,,,,,,*,*,
12605,Gordano Valley,,,,,,,,,,,,,,,,,,*,,,,,,*,*,
39879,Goss Moor,,,,,,,,,,,,,,,,,,*,,,,,,*,*,
11090,Gower Coast,,,,,,,,,,,,,,,,100000,,,,,,,,100000,"Hellawell, T., (NRW), pers. comm., (2019)",
39880,Gowk Bank,,,,,,,,,,,,,,,,,,*,,,,,,*,*,
140602,Great Asby Scar,,,,,,,,,,,,,,,,,,*,,,,,,*,*,
135758,Gruinart Flats,,,,,,,,,11000,,,,,,,,,,,,,,,11000,"Burton, G., pers. comm. In Balmford et al., (2015)",
395286,Gwlyptiroedd Casnewydd / Newport Wetlands,,,,,,,,,,,,,,,,94392,,,,,,,,94392,"Hellawell, T., (NRW), pers. comm., (2019)",
10975,Hales Wood,,,,,,,,,,,,,,,,,,*,,,,,,*,*,
39881,Hallsenna Moor,,,,,,,,,,,,,,,,,,*,,,,,,*,*,
137332,Ham Street Woods,,,,,,,,,,,,,,,,,,*,,,,,,*,*,
10976,Hamford Water,,,,,,,,,,,,,,,,,,*,,,,,,*,*,
142771,Hardington Moor,,,,,,,,,,,,,,,,,,*,,,,,,*,*,
10978,Hartland Moor,,,,,,,,,,,,,,,,,,*,,,,,,*,*,
555581081,Havergate Island & Boyton Marshes,384,437,,120,144,,,,,,,,,,,,,,,,,,,271,"Burton, G., pers. comm. In Balmford et al., (2015)",
555581003,Haweswater,5310,4574,6492,,4358,,3529,2532,3836,,,,,,,,,,,,,,,4376,"Burton, G., pers. comm. In Balmford et al., (2015)",
555580985,Hayle Estuary,5931,8185,5760,,,,350,6000,6000,,,,,,,,,,,,,,,5371,"Burton, G., pers. comm. In Balmford et al., (2015)",
138583,Hayle Estuary & Carrack Gladden,5931,8185,5760,,,,350,6000,6000,,,,,,,,,,,,,,,5371,"Burton, G., pers. comm. In Balmford et al., (2015)",
11046,Hermaness,,,,,,,,,,,,,,,,,,,,,,,*,*,*,
93270,High Leys,,,,,,,,,,,,,,,,,,*,,,,,,*,*,
12164,Highbury Wood,,,,,,,,,,,,,,,,,,*,,,,,,*,*,
555581115,Hodbarrow,,,,,,,,23000,23000,,,,,,,,,,,,,,,23000,"Burton, G., pers. comm. In Balmford et al., (2015)",
15808,Hog Cliff,,,,,,,,,,,,,,,,,,*,,,,,,*,*,
1455,Holkham,,,,,,,,,,,,,,,,,,*,,,,,,*,*,
10981,Holme Fen,,,,,,,,,,,,,,,,,,*,,,,,,*,*,
11716,Holton Heath,,,,,,,,,,,,,,,,,,*,,,,,,*,*,
341123,Horn Park Quarry,,,,,,,,,,,,,,,,,,*,,,,,,*,*,
142776,Humberhead Peatlands,,,,,,,,,,,,,,,,,,*,,,,,,*,*,
93271,Ingleborough,,,,,,,,,,,,,,,,,,*,,,,,,*,*,
387444,Invereshie and Inshriach,,,,,,,,,,,,,,,,,,,,,,,*,*,*,
11048,Isle of May,,,,,,,,,,,,,,,,,,,,,,,*,*,*,
555581034,Ken-Dee Marshes,1964,3815,2035,,1000,,,10000,10000,,,,,,,,,,,,,,,4802,"Burton, G., pers. comm. In Balmford et al., (2015)",
20579,Kenfig Pools and Dunes,,,,,,,,,,,,,,,,30000,,,,,,,,30000,"Hellawell, T., (NRW), pers. comm., (2019)",
10982,Kingley Vale,,,,,,,,,,,,,,,,,,*,,,,,,*,*,
193677,Knockan Crag,,,,,,,,,,,,,,,,,,,,,,,*,*,*,
10983,Knocking Hoe,,,,,,,,,,,,,,,,,,*,,,,,,*,*,
555581065,Lake Vyrnwy,,,,,,,,,,,,,,,,,,,,,,,"30,513","30,513","Sheil, A., Rayment, G., and Burton, G., (2002)",
169617,Langley Wood,,,,,,,,,,,,,,,,,,*,,,,,,*,*,
140141,Langley Wood and Homan's Copse,,,,,,,,,,,,,,,,,,*,,,,,,*,*,
137433,Leighton Moss,92531,85546,61891,33635,105341,,119602,54929,76400,,,,,,,,,,,,,,,78734,"Burton, G., pers. comm. In Balmford et al., (2015)",Camera
137433,Leighton Moss,92531,85546,61891,33635,105341,,119602,54929,76400,,,,,,,,,,,,,,,78734,"Burton, G., pers. comm. In Balmford et al., (2015)",Camera
555581085,Leighton Moss,,,,,,,,,,,,,,,,,,,,,,,78456,78456,"Sheil, A., Rayment, G., and Burton, G., (2002)",Camera
555581085,Leighton Moss,,,,,,,,,,,,,,,,,,,,,,,78456,78456,"Sheil, A., Rayment, G., and Burton, G., (2002)",Camera
183421,Llanymynech & Llynclys Hills,,,,,,,,,,,,,,,,,,,*,*,*,,,*,*,
136122,Loch Fleet,,,,,,,,,,,,,,,,,,,,,,,*,*,*,
,Loch Garten,,,,,,,,,,,,,,,,,*,*,*,*,*,*,,*,*,Camera
555581086,Loch Gruinart & Ardnave,,,,,,,,,11000,,,,,,,,,,,,,,,11000,"Burton, G., pers. comm. In Balmford et al., (2015)",
1469,Loch Leven,,,,,,,,,,,,,,,,,,,,,,,*,*,*,"SNH area only, mean added to RSPB area"
1469,Loch Leven,,,,,,,,,,,,,,,,,*,*,*,*,*,,,*,*,"RSPB area only, mean added to SNH area"
11052,Loch Lomond,,,,,,,,,,,,,,,,,,,,,,,*,*,*,
555581036,Loch Of Kinnordy,,,,,,,,,,,,,,,,,,"8,055","8,540",,,,,"8,298",https://www.visitscotland.org/binaries/content/assets/dot-org/pdf/research-papers-2/wildlife-topic-paper-2017.pdf,
135765,Loch of Strathbeg,,,,,,,,,,,,,10800,,,,,,,,,,,10800,https://www.moffatcentre.com/media/moffatcentre/documents/VAM2010.pdf,
555581037,Loch Of Strathbeg,,,,,,,,,,,,,10800,,,,,,,,,,,10800,https://www.moffatcentre.com/media/moffatcentre/documents/VAM2010.pdf,
555624695,Loch of the Lowes,,,,,,,,,,,,,17382,,,,,,,,,,,17382,https://www.moffatcentre.com/media/moffatcentre/documents/VAM2010.pdf,
555624695,Loch of the Lowes,,,,,,,,,,,,,,,,,,20447,21621,,,,,21034,https://www.visitscotland.org/binaries/content/assets/dot-org/pdf/research-papers-2/wildlife-topic-paper-2017.pdf,
555580988,Lochwinnoch,21825,25948,25431,5755,34883,,40781,40336,34110,,,,,,,,,,,,,,,28634,"Burton, G., pers. comm. In Balmford et al., (2015)",
555580988,Lochwinnoch,,,,,,,,,,,,,,,,,*,*,*,*,*,,,*,*,
138307,Ludham - Potter Heigham Marshes,,,,,,,,,,,,,,,,,,*,,,,,,*,*,
10987,Lullington Heath,,,,,,,,,,,,,,,,,,*,,,,,,*,*,
555581039,Marshside,11307,11290,4493,6991,13099,,12693,25000,25000,,,,,,,,,,,,,,,13734,"Burton, G., pers. comm. In Balmford et al., (2015)",
10988,Martin Down,,,,,,,,,,,,,,,,,,*,,,,,,*,*,
137515,"Martin Mere, Burscough",,,,,,,,,,,,,,,,,,,,,*,,,*,*,
555581089,Mersehead,,,,,,,24620,27010,27110,,,,,,,,,,,,,,,26247,"Burton, G., pers. comm. In Balmford et al., (2015)",
183409,Merthyr Mawr Warren,,,,,,,,,,,,,,,,100000,,,,,,,,100000,"Hellawell, T., (NRW), pers. comm., (2019)",
169015,Mid Yare,9134,10433,4612,3790,4263,,10452,10876,13077,,,,,,,,,,,,,,,8330,"Burton, G., pers. comm. In Balmford et al., (2015)","NE area only, mean added to RSPB area."
169015,Mid Yare,,,,,,,,,,,,,,,,,,,,,,,*,*,*,"RSPB area only, mean added to NE area."
555581090,Mid Yare Valley,9134,10433,4612,3790,4263,,10452,10876,13077,,,,,,,,,,,,,,,8330,"Burton, G., pers. comm. In Balmford et al., (2015)","NE area only, mean added to RSPB area."
555581090,Mid Yare Valley,,,,,,,,,,,,,,,,,,,,,,,*,*,*,"RSPB area only, mean added to NE area."
555581091,Minsmere,,,,,,,,,,,,,,,,,,,,,,,66999,66999,"Sheil, A., Rayment, G., and Burton, G., (2002)",Camera
555581091,Minsmere,68247,69371,57341,64300,69625,,88222,91944,109790,,,,,,,,,,,,,,,77355,"Burton, G., pers. comm. In Balmford et al., (2015)",Camera
555581091,Minsmere,,,,,,,,,,,,,,,,,,,,,,,*,*,*,Camera
10989,Moccas Park,,,,,,,,,,,,,,,,,,*,,,,,,*,*,
15810,Moine Mhor,,,,,,,,,,,,,7622,,,,,,,,,,,7622,https://www.moffatcentre.com/media/moffatcentre/documents/VAM2010.pdf,
15810,Moine Mhor,,,,,,,,,,,,,,,,,,,,,,,*,*,*,
10990,Monks Wood,,,,,,,,,,,,,,,,,,*,,,,,,*,*,
135478,Montrose Basin,,,,,,,,,,,,,10980,,,,,,,,,,,10980,https://www.moffatcentre.com/media/moffatcentre/documents/VAM2010.pdf,
135478,Montrose Basin,,,,,,,,,,,,,,,,,,11209,12586,,,,,11898,https://www.visitscotland.org/binaries/content/assets/dot-org/pdf/research-papers-2/wildlife-topic-paper-2017.pdf,
1454,Moor House - Upper Teesdale,,,,,,,,,,,,,,,,,,*,,,,,,*,*,
10991,Morden Bog,,,,,,,,,,,,,,,,,,*,,,,,,*,*,
11091,Morfa Dyffryn,,,,,,,,,,,,,,,,200000,,,,,,,,200000,"Hellawell, T., (NRW), pers. comm., (2019)",
3232,Morfa Harlech,,,,,,,,,,,,,,,,120000,,,,,,,,120000,"Hellawell, T., (NRW), pers. comm., (2019)",
10992,Mottey Meadows,,,,,,,,,,,,,,,,,,*,,,,,,*,*,
142785,Muckle Moss,,,,,,,,,,,,,,,,,,*,,,,,,*,*,
139853,Mugdock Wood,,,,,,,,,,,,,585132,,,,,,,,,,,585132,https://www.moffatcentre.com/media/moffatcentre/documents/VAM2010.pdf,
1488,Muir of Dinnet,,,,,,,,,,,,,25000,,,,,,,,,,,25000,https://www.moffatcentre.com/media/moffatcentre/documents/VAM2010.pdf,
1488,Muir of Dinnet,,,,,,,,,,,,,,,,,,,,,,,*,*,*,
137992,Nagshead,13000,13860,12594,2800,,,18000,18000,18000,,,,,,,,,,,,,,,13751,"Burton, G., pers. comm. In Balmford et al., (2015)",Camera
555581042,Nene Washes,548,730,,255,703,,,,,,,,,,,,,,,,,,,559,"Burton, G., pers. comm. In Balmford et al., (2015)",
137724,Nene Washes (Whittlesey),548,730,,255,703,,,,,,,,,,,,,,,,,,,559,"Burton, G., pers. comm. In Balmford et al., (2015)",
139609,Newborough Warren - Ynys Llanddwyn,,,,,,,,,,,,,,,,250000,,,,,,,,250000,"Hellawell, T., (NRW), pers. comm., (2019)",
4483,Newborough Warren and Ynys Llanddwyn,,,,,,,,,,,,,,,,250000,,,,,,,,250000,"Hellawell, T., (NRW), pers. comm., (2019)",
555595739,Newport Wetlands,,,,,,,,,,,,,,,,94392,,,,,,,,94392,"Hellawell, T., (NRW), pers. comm., (2019)",
10994,"North Meadow, Cricklade",,,,,,,,,,,,,,,,,,*,,,,,,*,*,
10995,North Solent,,,,,,,,,,,,,,,,,,*,,,,,,*,*,
142789,North Walney,,,,,,,,,,,,,,,,,,*,,,,,,*,*,
555581023,North Warren,,,,,,,22400,22400,22400,,,,,,,,,,,,,,,22400,"Burton, G., pers. comm. In Balmford et al., (2015)",
555581044,Northward Hill,,,,,,,,20500,21275,,,,,,,,,,,,,,,20889,"Burton, G., pers. comm. In Balmford et al., (2015)",
1481,Noss,,,,,,,,,,,,,"1,372",,,,,,,,,,,"1,372",https://www.moffatcentre.com/media/moffatcentre/documents/VAM2010.pdf,
1481,Noss,,,,,,,,,,,,,,,,,,"1,457","1,935",,,,,1686,https://www.visitscotland.org/binaries/content/assets/dot-org/pdf/research-papers-2/wildlife-topic-paper-2017.pdf,
1481,Noss,,,,,,,,,,,,,,,,,,,,,,,*,*,*,
11093,Ogof Ffynnon Ddu,,,,,,,,,,,,,,,,75000,11000,,,,,,,43000,"Hellawell, T., (NRW), pers. comm., (2019)",
10996,Old Winchester Hill,,,,,,,,,,,,,,,,,,*,,,,,,*,*,
138390,Otmoor,,,,,,,,3656,5000,,,,,,,,,,,,,,,4328,"Burton, G., pers. comm. In Balmford et al., (2015)",
136594,Ouse Washes,,,,,,,11634,10365,10271,,,,,,,,,,,,,,,10757,"Burton, G., pers. comm. In Balmford et al., (2015)",
11094,Oxwich,,,,,,,,,,,,,,,,250000,,,,,,,,250000,"Hellawell, T., (NRW), pers. comm., (2019)",
10999,Parsonage Down,,,,,,,,,,,,,,,,,,*,,,,,,*,*,
11720,Pevensey Levels,,,,,,,,,,,,,,,,,,*,,,,,,*,*,
11000,Pewsey Downs,,,,,,,,,,,,,,,,,,*,,,,,,*,*,
11001,Prescombe Down,,,,,,,,,,,,,,,,,,*,,,,,,*,*,
146718,Pulborough,28067,79709,17585,22049,29179,,121956,90000,97323,,,,,,,,,,,,,,,60734,"Burton, G., pers. comm. In Balmford et al., (2015)",Camera
146718,Pulborough,,,,,,,,,,,,,,,,,,,,,,,75479,75479,"Sheil, A., Rayment, G., and Burton, G., (2002)",Camera
555581046,Pulborough,28067,79709,17585,22049,29179,,121956,90000,97323,,,,,,,,,,,,,,,60734,"Burton, G., pers. comm. In Balmford et al., (2015)",Camera
555581046,Pulborough,,,,,,,,,,,,,,,,,,,,,,,75479,75479,"Sheil, A., Rayment, G., and Burton, G., (2002)",Camera
136386,Radipole,35097,29417,25940,23985,26804,,16048,25000,26020,,,,,,,,,,,,,,,26039,"Burton, G., pers. comm. In Balmford et al., (2015)",
169623,Ramsay Island,,,,,,,,,,,,,,,,4500,,,,,,,,4500,"Hellawell, T., (NRW), pers. comm., (2019)",
555580938,Ramsey Island,,,,,,,,,,,,,,,,4500,,,,,,,,4500,"Hellawell, T., (NRW), pers. comm., (2019)",
3231,Rhinog,,,,,,,,,,,,,,,,6000,,,,,,,,6000,"Hellawell, T., (NRW), pers. comm., (2019)",
11002,Rodney Stoke,,,,,,,,,,,,,,,,,,*,,,,,,*,*,
11003,Rostherne Mere,,,,,,,,,,,,,,,,,,*,,,,,,*,*,
140368,Roudsea Wood & Mosses,,,,,,,,,,,,,,,,,,*,,,,,,*,*,
11004,Roudsea Woods & Mosses,,,,,,,,,,,,,,,,,,*,,,,,,*,*,
1450,Rum,,,,,,,,,,,,,,,,,,,,,,,*,*,*,
137111,Rutland Water,,,,,,,,,,,,,,,,,,,,,*,,,*,*,
140632,Rye Meads,11084,12289,8985,5080,12465,,22412,15076,17259,,,,,,,,,,,,,,,13081,"Burton, G., pers. comm. In Balmford et al., (2015)",
136578,Salcey Forest,,,,,,,,,,,,,,,,,,,,,*,,,*,*,
138114,Saltfleetby - Theddlethorpe Dunes,,,,,,,,,,,,,,,,,,*,,,,,,*,*,
11006,Saltfleetby Theddlethorpe,,,,,,,,,,,,,,,,,,*,,,,,,*,*,
555581048,Saltholme,,,,,,,,,,,,,,,,,,,,,,,*,*,*,Camera
135887,Sands of Forvie and Ythan Estuary,,,,,,,,,,,,,25000,,,,,,,,,,,25000,https://www.moffatcentre.com/media/moffatcentre/documents/VAM2010.pdf,
142796,Sandybeck Meadows,,,,,,,,,,,,,,,,,,*,,,,,,*,*,
4484,Scolt Head Island,,,,,,,,,,,,,,,,,,*,,,,,,*,*,
11008,Shapwick Heath,,,,,,,,,,,,,,,,,,*,,,,,,*,*,
1482,Skomer Island,,,,,,,,,,,,,,,,,,,,,,,15000,15000,"Hellawell, T., (NRW), pers. comm., (2019)",
1482,Skomer Island,,,,,,,,,,,,,,,,18235,,,,,,,,18235,"Hellawell, T., (NRW), pers. comm., (2019)",
1482,Skomer Island,,,,,,,,,,,,,,,,,,,,,,,19000,19000,"Gavigan. G., (Welsh WT), pers. comm., (2019)",
139750,Skomer Island & Middleholm,,,,,,,,,,,,,,,,,,,,,,,15000,15000,"Hellawell, T., (NRW), pers. comm., (2019)",
139750,Skomer Island & Middleholm,,,,,,,,,,,,,,,,18235,,,,,,,,18235,"Hellawell, T., (NRW), pers. comm., (2019)",
139750,Skomer Island & Middleholm,,,,,,,,,,,,,,,,,,,,,,,19000,19000,"Gavigan. G., (Welsh WT), pers. comm., (2019)",
555581095,Snettisham,,,,,,,18716,17814,25999,,,,,,,,,,,,,,,20843,"Burton, G., pers. comm. In Balmford et al., (2015)",
26608,Somerset Levels,,,,,,,,,,,,,,,,,,*,,,,,,*,*,
142801,South Solway Mosses,,,,,,,,,,,,,,,,,,*,,,,,,*,*,
555581067,South Stack Cliffs,,,,,,,,,,,,,,,,,,,,,,,"37,735","37,735","Sheil, A., Rayment, G., and Burton, G., (2002)",
135891,Spey Bay,,,,,,,,,,,,,,,,,,91561,95058,,,,,"93,310",https://www.visitscotland.org/binaries/content/assets/dot-org/pdf/research-papers-2/wildlife-topic-paper-2017.pdf,
20587,Spurn,,,,,,,,,,,,,,,,,,,,,41771,,,41771,"Whelpdale, P., (Yorkshire WT), pers. comm., (2019)",
142802,Spurn Head,,,,,,,,,,,,,,,,,,,,,41771,,,41771,"Whelpdale, P., (Yorkshire WT), pers. comm., (2019)",
135864,St Cyrus and Kinnaber Links,,,,,,,,,,,,,30000,,,,,,,,,,,30000,https://www.moffatcentre.com/media/moffatcentre/documents/VAM2010.pdf,
10560,Stackpole,,,,,,,,,,,,,,,,350000,,,,,,,,350000,"Hellawell, T., (NRW), pers. comm., (2019)",
11009,Stiperstones,,,,,,,,,,,,,,*,*,*,*,*,*,*,*,,,*,*,
11009,Stiperstones,,,,,,,,,,,,,,,,,,*,,,,,,*,*,
11010,Stodmarsh,,,,,,,,,,,,,,,,,,*,,,,,,*,*,
,Strumpshaw Fen,,,,,,,,,,,,,,,,,,,,,,,*,*,*,Camera
11011,Studland and Godlingston Heath,,,,,,,,,,,,,,,,,,,,,,,*,*,*,
183410,Suffolk Coast,,,,,,,,,,,,,,,,,,*,,,,,,*,*,
11013,Swanscombe Skull Site,,,,,,,,,,,,,,,,,,*,,,,,,*,*,
11014,Swanton Novers,,,,,,,,,,,,,,,,,,*,,,,,,*,*,
39883,Tarn Moss,,,,,,,,,,,,,,,,,,*,,,,,,*,*,
11065,Taynish,,,,,,,,,,,,,,,,,,,,,,,*,*,*,
135755,Taynish Woods,,,,,,,,,,,,,,,,,,,,,,,*,*,*,
142808,Teesmouth,,,,,,,,,,,,,,,,,,,,,,,*,*,*,
142808,Teesmouth,,,,,,,,,,,,,,,,,,*,,,,,,*,*,
341279,Tentsmuir,,,,,,,,,,,,,,,,*,*,*,*,*,*,,,*,*,
140154,The Cheddar Complex,,,,,,,,,,,,,,,,,,,,,*,,,*,*,
11722,The Flits,,,,,,,,,,,,,,,,,,*,,,,,,*,*,
555580996,The Lodge,,,,,,,,,,,,,,,,,,,,,,,37487,37487,"Sheil, A., Rayment, G., and Burton, G., (2002)",
555580996,The Lodge,38275,39603,36315,40450,47094,,60674,51461,45575,,,,,,,,,,,,,,,44931,"Burton, G., pers. comm. In Balmford et al., (2015)",
137801,The Stiperstones & The Hollies,,,,,,,,,,,,,,*,*,*,*,*,*,*,*,,,*,*,
137801,The Stiperstones & The Hollies,,,,,,,,,,,,,,,,,,*,,,,,,*,*,
11723,The Wash,,,,,,,,,,,,,,,,,,*,,,,,,*,*,
93276,Thornhill Moss,,,,,,,,,,,,,,,,,,*,,,,,,*,*,
135653,Threave and Carlingwark Loch,,,,,,,,,,,,,50997,,,,,,,,,,,50997,https://www.moffatcentre.com/media/moffatcentre/documents/VAM2010.pdf,
93277,Thrislington,,,,,,,,,,,,,,,,,,*,,,,,,*,*,
11016,Thursley,,,,,,,,,,,,,,,,,,*,,,,,,*,*,
555581097,Titchwell Marsh,137700,136730,114414,111005,95690,,111332,91166,86974,,,,,,,,,,,,,,,110626,"Burton, G., pers. comm. In Balmford et al., (2015)",Camera
555581097,Titchwell Marsh,,,,,,,,,,,,,,,,,,,,,,,127081,127081,"Sheil, A., Rayment, G., and Burton, G., (2002)",Camera
555581097,Titchwell Marsh,,,,,,,,,,,,,,,,,,,,,,,*,*,*,Camera
555580997,Tudeley Woods,,,,,,,,8000,8000,,,,,,,,,,,,,,,8000,"Burton, G., pers. comm. In Balmford et al., (2015)",
12449,Ty Canol,,,,,,,,,,,,,,,,9600,,,,,,,,9600,"Hellawell, T., (NRW), pers. comm., (2019)",
138863,Upper Teesdale,,,,,,,,,,,,,,,,,,*,,,,,,*,*,
169630,Valley of Stones,,,,,,,,,,,,,,,,,,*,,,,,,*,*,
142813,Walton Moss,,,,,,,,,,,,,,,,,,*,,,,,,*,*,
140578,West Sedgemoor,9482,10300,6800,3700,8200,,11925,13935,15065,,,,,,,,,,,,,,,9926,"Burton, G., pers. comm. In Balmford et al., (2015)",
11021,Westleton Heath,,,,,,,,,,,,,,,,,,*,,,,,,*,*,
11097,Whiteford,,,,,,,,,,,,,,,,20000,,,,,,,,20000,"Hellawell, T., (NRW), pers. comm., (2019)",
140533,Winterton - Horsey Dunes,,,,,,,,,,,,,,,,,,*,,,,,,*,*,
142825,Wistman Wood,,,,,,,,,,,,,,,,,,*,,,,,,*,*,
555581107,Wolves Wood Reserves,3920,3650,,,4330,,,4000,4000,,,,,,,,,,,,,,,3980,"Burton, G., pers. comm. In Balmford et al., (2015)",
555581009,Wood Of Cree,7936,5816,8792,5814,3950,,,8000,9288,,,,,,,,,,,,,,,7085,"Burton, G., pers. comm. In Balmford et al., (2015)",
11023,Woodwalton Fen,,,,,,,,,,,,,,,,,,*,,,,,,*,*,
11025,Wybunbury Moss,,,,,,,,,,,,,,,,,,*,,,,,,*,*,
11026,Wychwood,,,,,,,,,,,,,,,,,,*,,,,,,*,*,
11027,Wye,,,,,,,,,,,,,,,,,,,,,,,*,*,*,
11027,Wye,,,,,,,,,,,,,,,,,,*,,,,,,*,*,
11028,Wylye Down,,,,,,,,,,,,,,,,,,*,,,,,,*,*,
11029,Wyre Forest,,,,,,,,,,,,,,,,,,*,,,,,,*,*,
142904,Y Berwyn,,,,,,,,,,,,,,,,2500,,,,,,,,2500,"Hellawell, T., (NRW), pers. comm., (2019)",
11727,Ynys Enlli (bardsey),,,,,,,,,,,,,,,,3000,,,,,,,,3000,"Hellawell, T., (NRW), pers. comm., (2019)",
139829,Ynys Enlli: Bardsey Island,,,,,,,,,,,,,,,,3000,,,,,,,,3000,"Hellawell, T., (NRW), pers. comm., (2019)",
555581100,Ynys-Hir,,,,,,,,,,,,,,,,,,,,,,,"11,006","11,006","Sheil, A., Rayment, G., and Burton, G., (2002)",
555595742,Yr Eifl,,,,,,,,,,,,,,,,2500,,,,,,,,2500,"Hellawell, T., (NRW), pers. comm., (2019)",
3233,Yr Wyddfa,,,,,,,,,,,,,,,,449000,,,,,,,,449000,"Hellawell, T., (NRW), pers. comm., (2019)",
